Isis;Desire;Bob Dylan;1975
Joey;Desire;Bob Dylan;1975
Sara;Desire;Bob Dylan;1975
Saved;Saved;Bob Dylan;1980
Mary Ann;Dylan;Bob Dylan;1973
Hurricane;Desire;Bob Dylan;1975
I And I;Infidels;Bob Dylan;1983
Sarah Jane;Dylan;Bob Dylan;1973
Solid Rock;Saved;Bob Dylan;1980
Jokerman;Infidels;Bob Dylan;1983
Mozambique;Desire;Bob Dylan;1975
Oh, Sister;Desire;Bob Dylan;197
Pressing On;Saved;Bob Dylan;1980
Dirge;Planet Waves;Bob Dylan;1974
Hazel;Planet Waves;Bob Dylan;1974
Rudy (live);Paris;Supertramp;1980
Saving Grace;Saved;Bob Dylan;1980
Senor;Street Legal;Bob Dylan;1978
Surely;Supertramp;Supertramp;1970
Surely;Supertramp;Supertramp;1970
Are You Ready;Saved;Bob Dylan;1980
In The Garden;Saved;Bob Dylan;1980
Mr. Bojangles;Dylan;Bob Dylan;1973
Asylum (live);Paris;Supertramp;1980
Covenant Woman;Saved;Bob Dylan;1980
Fool Such as I;Dylan;Bob Dylan;1973
School (live);Paris;Supertramp;1980
Trouble;Shot Of Love;Bob Dylan;1981
Wigwam;Self Portrait;Bob Dylan;1970
Big Yellow Taxi;Dylan;Bob Dylan;1973
Dreamer (live);Paris;Supertramp;1980
Goldrush;Slow Motion;Supertramp;2002
Gospel Plow;Bob Dylan;Bob Dylan;1962
Man Of Peace;Infidels;Bob Dylan;1983
New Pony;Street Legal;Bob Dylan;1978
Over You;Slow Motion;Supertramp;2002
Try Again;Supertramp;Supertramp;1970
A Satisfied Mind;Saved;Bob Dylan;1980
Delia;World Gone Wrong;Bob Dylan;1993
Floater;Love And Theft;Bob Dylan;2001
Home Again;Supertramp;Supertramp;1970
Lily of the West;Dylan;Bob Dylan;1973
Po' Boy;Love And Theft;Bob Dylan;2001
Shooting Star;Oh Mercy;Bob Dylan;1989
Union Sundown;Infidels;Bob Dylan;1983
Winterlude;New Morning;Bob Dylan;1970
Blue Moon;Self Portrait;Bob Dylan;1970
New Morning;New Morning;Bob Dylan;1970
Shadow Song;Supertramp;Supertramp;1970
She's No Good;Bob Dylan;Bob Dylan;1962
Song To Woody;Bob Dylan;Bob Dylan;1962
The Boxer;Self Portrait;Bob Dylan;1970
Tough Mama;Planet Waves;Bob Dylan;1974
Two Of Us (live);Paris;Supertramp;1980
What Good Am I;Oh Mercy;Bob Dylan;1989
Alberta #1;Self Portrait;Bob Dylan;1970
Alberta #2;Self Portrait;Bob Dylan;1970
Aries;Indelibly Stamped;Supertramp;1971
Belle Isle;Self Portrait;Bob Dylan;1970
Black Diamond Bay;Desire;Bob Dylan;1975
Crazy;Famous Last Words;Supertramp;1982
Days Of 49;Self Portrait;Bob Dylan;1970
Lenny Bruce;Shot Of Love;Bob Dylan;1981
License To Kill;Infidels;Bob Dylan;1983
Moonlight;Love And Theft;Bob Dylan;2001
Political World;Oh Mercy;Bob Dylan;1989
Pretty Peggy-0;Bob Dylan;Bob Dylan;1962
Ring Them Bells;Oh Mercy;Bob Dylan;1989
Slow Motion;Slow Motion;Supertramp;2002
Three Angels;New Morning;Bob Dylan;1970
Ballad of Ira Hayes;Dylan;Bob Dylan;1973
Bonnie;Famous Last Words;Supertramp;1982
From Now On (live);Paris;Supertramp;1980
High Water;Love And Theft;Bob Dylan;2001
Lady;Crisis? What Crisis;Supertramp;1975
Most Of The Time;Oh Mercy;Bob Dylan;1989
Nettie Moore;Modern Times;Bob Dylan;2006
Potter;Indelibly Stamped;Supertramp;1971
Romance In Durango;Desire;Bob Dylan;1975
Shot Of Love;Shot Of Love;Bob Dylan;1981
Silvio;Down In The Groove;Bob Dylan;1988
Someday Baby;Modern Times;Bob Dylan;2006
Sugar Baby;Love And Theft;Bob Dylan;2001
The Man In Me;New Morning;Bob Dylan;1970
Wedding Song;Planet Waves;Bob Dylan;1974
Ain't Talkin';Modern Times;Bob Dylan;2006
Bye And Bye;Love And Theft;Bob Dylan;2001
Cry A While;Love And Theft;Bob Dylan;2001
Dark Eyes;Empire Burlesque;Bob Dylan;1985
Forever;Indelibly Stamped;Supertramp;1971
Forever Young;Planet Waves;Bob Dylan;1974
Heart Of Mine;Shot Of Love;Bob Dylan;1981
Highlands;Time Out Of Mind;Bob Dylan;1997
Highway 51 Blues;Bob Dylan;Bob Dylan;1962
If Not For You;New Morning;Bob Dylan;1970
Let It Be Me;Self Portrait;Bob Dylan;1970
Little Sadie;Self Portrait;Bob Dylan;1970
Love Sick;Time Out Of Mind;Bob Dylan;1997
Mississippi;Love And Theft;Bob Dylan;2001
Oh Darling;Free As A Bird;Supertramp;1987
Oh,Sister (live);Hard Rain;Bob Dylan;197
Rudy;Crime Of The Century;Supertramp;1974
Summer Days;Love And Theft;Bob Dylan;2001
Talkin' New York;Bob Dylan;Bob Dylan;1962
Words Unspoken;Supertramp;Supertramp;1970
You Angel You;Planet Waves;Bob Dylan;1974
Broken Hearted;Slow Motion;Supertramp;2002
Can't Wait;Time Out Of Mind;Bob Dylan;1997
Copper Kettle;Self Portrait;Bob Dylan;1970
Disease Of Conceit;Oh Mercy;Bob Dylan;1989
Father Of Night;New Morning;Bob Dylan;1970
God Knows;Under The Red Sky;Bob Dylan;1990
I Want You;Blonde On Blonde;Bob Dylan;1966
Idiot Wind (live);Hard Rain;Bob Dylan;1976
Jack-A-Roe;World Gone Wrong;Bob Dylan;1993
Love Henry;World Gone Wrong;Bob Dylan;1993
Neighborhood Bully;Infidels;Bob Dylan;1983
Nothing To Show;Supertramp;Supertramp;1970
Peggy Day;Nashville Skyline;Bob Dylan;1969
Remember;Indelibly Stamped;Supertramp;1971
What Can I Do For You;Saved;Bob Dylan;1980
Woogie Boogie;Self Portrait;Bob Dylan;1970
Asylum;Crime Of The Century;Supertramp;1974
Dignity (live);MTV Unplugged;Bob Dylan;1994
If Dogs Run Free;New Morning;Bob Dylan;1970
It's A Long Road;Supertramp;Supertramp;1970
It's Alright;Free As A Bird;Supertramp;1987
One More Weekend;New Morning;Bob Dylan;1970
School;Crime Of The Century;Supertramp;1974
Slow Train;Slow Train Coming;Bob Dylan;1979
Stack A Lee;World Gone Wrong;Bob Dylan;1993
Sweetheart Like You;Infidels;Bob Dylan;1983
Travelled;Indelibly Stamped;Supertramp;1971
A Soapbox Opera (live);Paris;Supertramp;1980
Country Pie;Nashville Skyline;Bob Dylan;1969
Dead Man's Blues;Slow Motion;Supertramp;2002
Dreamer;Crime Of The Century;Supertramp;1974
Everything Is Broken;Oh Mercy;Bob Dylan;1989
Fixin' To Die Blues;Bob Dylan;Bob Dylan;1962
Fool's Overture (live);Paris;Supertramp;1980
Freight Train Blues;Bob Dylan;Bob Dylan;1962
Gotta Travel On;Self Portrait;Bob Dylan;1970
Handy Dandy;Under The Red Sky;Bob Dylan;1990
Honest With Me;Love And Theft;Bob Dylan;2001
In My Time Of Dyin';Bob Dylan;Bob Dylan;1962
It Hurts Me Too;Self Portrait;Bob Dylan;1970
Lay Lady Lay (live);Hard Rain;Bob Dylan;1976
Little By Little;Slow Motion;Supertramp;2002
Lone Pilgrim;World Gone Wrong;Bob Dylan;1993
No Time To Think;Street Legal;Bob Dylan;1978
Not Dark Yet;Time Out Of Mind;Bob Dylan;1997
One More Cup Of Coffee;Desire;Bob Dylan;1975
Poor Boy;Crisis? What Crisis;Supertramp;1975
Shenandoah;Down In The Groove;Bob Dylan;1988
Take Me As I Am;Self Portrait;Bob Dylan;1970
Thing For You;Free As A Bird;Supertramp;1987
Two Soldiers;World Gone Wrong;Bob Dylan;1993
Where I Stand;Free As A Bird;Supertramp;1987
Where Teardrops Fall;Oh Mercy;Bob Dylan;1989
Baby, Stop Crying;Street Legal;Bob Dylan;197
Born In Time;Under The Red Sky;Bob Dylan;1990
Clean Cut Kid;Empire Burlesque;Bob Dylan;1985
Day Of The Locusts;New Morning;Bob Dylan;1970
Free As A Bird;Free As A Bird;Supertramp;1987
Idiot Wind;Blood On The Tracks;Bob Dylan;1975
In The Summertime;Shot Of Love;Bob Dylan;1981
Lay Lady Lay;Nashville Skyline;Bob Dylan;1969
Living The Blues;Self Portrait;Bob Dylan;1970
Maggie's Farm (live);Hard Rain;Bob Dylan;1976
Maybe I'm A Beggar;Supertramp;Supertramp;1970
Million Miles;Time Out Of Mind;Bob Dylan;1997
Never Say Goodbye;Planet Waves;Bob Dylan;1974
Not The Moment;Free As A Bird;Supertramp;1987
Property Of Jesus;Shot Of Love;Bob Dylan;1981
Ruben Remus;The Basement Tapes;Bob Dylan;1975
Sign On The Window;New Morning;Bob Dylan;1970
The Logical Song (live);Paris;Supertramp;1980
Time Passes Slowly;New Morning;Bob Dylan;1970
Two Of Us;Crisis? What Crisis;Supertramp;1975
Unbelievable;Under The Red Sky;Bob Dylan;1990
Watered-Down Love;Shot Of Love;Bob Dylan;1981
Bee In Your Bonnet;Slow Motion;Supertramp;2002
Bessie Smith;The Basement Tapes;Bob Dylan;1975
Beyond The Horizon;Modern Times;Bob Dylan;2006
Bloody Well Right (live);Paris;Supertramp;1980
C'est le bon;Famous Last Words;Supertramp;1982
Dead Man, Dead Man;Shot Of Love;Bob Dylan;198
Forever Young (II);Planet Waves;Bob Dylan;1974
Going, Going, Gone;Planet Waves;Bob Dylan;19
I'm Beggin' You;Free As A Bird;Supertramp;1987
Jim Jones;Good As I Been To You;Bob Dylan;1992
John Brown (live);MTV Unplugged;Bob Dylan;1994
Trust Yourself;Empire Burlesque;Bob Dylan;1985
Two Times Two;Under The Red Sky;Bob Dylan;1990
What Was It You Wanted;Oh Mercy;Bob Dylan;1989
Wiggle Wiggle;Under The Red Sky;Bob Dylan;1990
A Sting In The Tail;Slow Motion;Supertramp;2002
Cannonball;Breakfast In America;Supertramp;1979
Can't Help Falling in Love;Dylan;Bob Dylan;1973
Dirt Road Blues;Time Out Of Mind;Bob Dylan;1997
Early Mornin' Rain;Self Portrait;Bob Dylan;1970
Every Grain Of Sand;Shot Of Love;Bob Dylan;1981
Hard Times;Good As I Been To You;Bob Dylan;1992
Hide In Your Shell (live);Paris;Supertramp;1980
Man Of Constant Sorrow;Bob Dylan;Bob Dylan;1962
Maybe Someday;Knocked Out Loaded;Bob Dylan;1986
Odds And Ends;The Basement Tapes;Bob Dylan;1975
Oh Darling;Breakfast In America;Supertramp;1979
Oh, Sister;The Best Of Bob Dylan;Bob Dylan;199
One More Night;Nashville Skyline;Bob Dylan;1969
Precious Angel;Slow Train Coming;Bob Dylan;1979
Spirit On The Water;Modern Times;Bob Dylan;2006
Tears Of Rage;The Basement Tapes;Bob Dylan;1975
The Meaning;Crisis? What Crisis;Supertramp;1975
Ain't Nobody But Me (live);Paris;Supertramp;1980
Blood In My Eyes;World Gone Wrong;Bob Dylan;1993
Canadee-I-O;Good As I Been To You;Bob Dylan;1992
Cold Irons Bound;Time Out Of Mind;Bob Dylan;1997
Dear Landlord;John Wesley Harding;Bob Dylan;1967
Diamond Joe;Good As I Been To You;Bob Dylan;1992
Easy Does It;Crisis? What Crisis;Supertramp;1975
Friend In Need;Indelibly Stamped;Supertramp;1971
From Now On;Breakfast In America;Supertramp;1979
House Of The Risin' Sun;Bob Dylan;Bob Dylan;1962
Is Your Love In Vain;Street Legal;Bob Dylan;1978
It Doesn't Matter;Free As A Bird;Supertramp;1987
Lo And Behold!;The Basement Tapes;Bob Dylan;1975
Lonesome Day Blues;Love And Theft;Bob Dylan;2001
Minstrel Boy (live);Self Portrait;Bob Dylan;1970
On A Night Like This;Planet Waves;Bob Dylan;1974
Pledging My Time;Blonde On Blonde;Bob Dylan;1966
Ragged And Dirty;World Gone Wrong;Bob Dylan;1993
Rollin' And Tumblin';Modern Times;Bob Dylan;2006
Rudy;The Very Best Of Supertramp;Supertramp;1990
Went To See The Gypsy;New Morning;Bob Dylan;1970
When He Returns;Slow Train Coming;Bob Dylan;1979
World Gone Wrong;World Gone Wrong;Bob Dylan;1993
All The Tired Horses;Self Portrait;Bob Dylan;1970
Breakfast In America (live);Paris;Supertramp;1980
Broke Down Engine;World Gone Wrong;Bob Dylan;1993
Crime Of The Century (live);Paris;Supertramp;1980
Emotionally Yours;Empire Burlesque;Bob Dylan;1985
I Believe In You;Slow Train Coming;Bob Dylan;1979
I'll Remember You;Empire Burlesque;Bob Dylan;1985
Just Like A Woman;Blonde On Blonde;Bob Dylan;1966
Lay Lady Lay;The Best Of Bob Dylan;Bob Dylan;1997
My Kind of Lady;Famous Last Words;Supertramp;1982
Sally Sue Brown;Down In The Groove;Bob Dylan;1988
Shooting Star (live);MTV Unplugged;Bob Dylan;1994
Spanish Is the Loving Tongue;Dylan;Bob Dylan;1973
Ten Thousand Men;Under The Red Sky;Bob Dylan;1990
The Weight (live);Before The Flood;Bob Dylan;1974
They Killed Him;Knocked Out Loaded;Bob Dylan;1986
Tiny Montgomery;The Basement Tapes;Bob Dylan;1975
Waiting So Long;Famous Last Words;Supertramp;1982
Where Are You Tonight;Street Legal;Bob Dylan;1978
Workingman's Blues #2;Modern Times;Bob Dylan;2006
You Started Laughing (live);Paris;Supertramp;1980
Brownsville Girl;Knocked Out Loaded;Bob Dylan;1986
Buckets Of Rain;Blood On The Tracks;Bob Dylan;1975
Cannonball;Brother Where You Bound;Supertramp;1985
Changing Of The Guards;Street Legal;Bob Dylan;1978
Desolation Row;Highway 61 Revisited;Bob Dylan;1965
Desolation Row (live);MTV Unplugged;Bob Dylan;1994
Forever Young;The Best Of Bob Dylan;Bob Dylan;1997
Fourth Time Around;Blonde On Blonde;Bob Dylan;1966
Know Who You Are;Famous Last Words;Supertramp;1982
Little Maggie;Good As I Been To You;Bob Dylan;1992
Man In The Long Black Coat;Oh Mercy;Bob Dylan;1989
School;The Very Best Of Supertramp;Supertramp;1990
T.V. Talkin' Song;Under The Red Sky;Bob Dylan;1990
Tenth Avenue Breakdown;Slow Motion;Supertramp;2002
To Ramona;Another Side Of Bob Dylan;Bob Dylan;1964
Under The Red Sky;Under The Red Sky;Bob Dylan;1990
Under Your Spell;Knocked Out Loaded;Bob Dylan;1986
Visions Of Johanna;Blonde On Blonde;Bob Dylan;1966
You Wanna Ramble;Knocked Out Loaded;Bob Dylan;1986
A Soapbox Opera;Crisis? What Crisis;Supertramp;1975
Arthur McBride;Good As I Been To You;Bob Dylan;1992
Babaji;Even In The Quietest Moments;Supertramp;1977
Better Days;Brother Where You Bound;Supertramp;1985
Blowin' In The Wind;Before The Flood;Bob Dylan;1974
Cat's In The Wheel;Under The Red Sky;Bob Dylan;1990
C'est What;Some Things Never Change;Supertramp;1997
Clothes Line Saga;The Basement Tapes;Bob Dylan;1975
Dreamer;The Very Best Of Supertramp;Supertramp;1990
Drifter's Escape;John Wesley Harding;Bob Dylan;1967
Goin' To Acapulco;The Basement Tapes;Bob Dylan;1975
Gone Hollywood;Breakfast In America;Supertramp;1979
I Threw It All Away (live);Hard Rain;Bob Dylan;1976
If Not For You;The Best Of Bob Dylan;Bob Dylan;1997
Katie's Been Gone;The Basement Tapes;Bob Dylan;1975
Lay Lady Lay (live);Before The Flood;Bob Dylan;1974
One Of Us Must Know;Blonde On Blonde;Bob Dylan;1966
Please,Mrs. Henry;The Basement Tapes;Bob Dylan;197
Precious Memories;Knocked Out Loaded;Bob Dylan;1986
Stage Fright (live);Before The Flood;Bob Dylan;1974
Take A Message To Mary;Self Portrait;Bob Dylan;1970
Take The Long Way Home (live);Paris;Supertramp;1980
The Levee's Gonna Break;Modern Times;Bob Dylan;2006
Thunder On The Mountain;Modern Times;Bob Dylan;2006
Tombstone Blues;Highway 61 Revisited;Bob Dylan;1965
Tombstone Blues (live);MTV Unplugged;Bob Dylan;1994
Tomorrow Night;Good As I Been To You;Bob Dylan;1992
When The Deal Goes Down;Modern Times;Bob Dylan;2006
Ain't No More Cane;The Basement Tapes;Bob Dylan;1975
Apple Sucking Tree;The Basement Tapes;Bob Dylan;1975
Billy 1;Pat Garrett And Billy The Kid;Bob Dylan;1973
Billy 4;Pat Garrett And Billy The Kid;Bob Dylan;1973
Billy 7;Pat Garrett And Billy The Kid;Bob Dylan;1973
Blackjack Davey;Good As I Been To You;Bob Dylan;1992
Child Of Vision;Breakfast In America;Supertramp;1979
Do Right To Me Baby;Slow Train Coming;Bob Dylan;1979
Don't Leave Me Now;Famous Last Words;Supertramp;1982
From A Buick Six;Highway 61 Revisited;Bob Dylan;1965
I Threw It All Away;Nashville Skyline;Bob Dylan;1969
It's Raining Again;Famous Last Words;Supertramp;1982
Lord Is It Mine;Breakfast In America;Supertramp;1979
No Inbetween;Brother Where You Bound;Supertramp;1985
Silvio;The Best Of Bob Dylan Volume 2;Bob Dylan;2000
Sister Moonshine;Crisis? What Crisis;Supertramp;1975
The Mighty Quinn (live);Self Portrait;Bob Dylan;1970
Times Have Changed;Indelibly Stamped;Supertramp;1971
We Better Talk This Over;Street Legal;Bob Dylan;1978
Baby, Let Me Follow You Down;Bob Dylan;Bob Dylan;196
Dignity;The Best Of Bob Dylan Volume 2;Bob Dylan;2000
Don't Ya Tell Henry;The Basement Tapes;Bob Dylan;1975
Goodbye Stranger;Breakfast In America;Supertramp;1979
Got My Mind Made Up;Knocked Out Loaded;Bob Dylan;1986
Gotta Serve Somebody;Slow Train Coming;Bob Dylan;1979
Just A Normal Day;Crisis? What Crisis;Supertramp;1975
Make You Feel My Love;Time Out Of Mind;Bob Dylan;1997
Million Dollar Bash;The Basement Tapes;Bob Dylan;1975
One Too Many Mornings (live);Hard Rain;Bob Dylan;1976
Outlaw Blues;Bringing It All Back Home;Bob Dylan;1965
She Belongs To Me (live);Self Portrait;Bob Dylan;1970
Still In Love;Brother Where You Bound;Supertramp;1985
Tangled Up In Blue;Blood On The Tracks;Bob Dylan;1975
The Logical Song;Breakfast In America;Supertramp;1979
To Be Alone With You;Nashville Skyline;Bob Dylan;1969
Too Much Of Nothing;The Basement Tapes;Bob Dylan;1975
True Love Tends To Forget;Street Legal;Bob Dylan;1978
When You Awake (live);Before The Flood;Bob Dylan;1974
You're A Big Girl Now (live);Hard Rain;Bob Dylan;1976
Absolutely Sweet Marie;Blonde On Blonde;Bob Dylan;1966
An Awful Thing To Waste;Free As A Bird;Supertramp;1987
And The Light;Some Things Never Change;Supertramp;1997
Bloody Well Right;Crime Of The Century;Supertramp;1974
Cannonball;The Very Best Of Supertramp;Supertramp;1990
Death Is Not The End;Down In The Groove;Bob Dylan;1988
Don't Fall Apart On Me Tonight;Infidels;Bob Dylan;1983
Down Along The Cove;John Wesley Harding;Bob Dylan;1967
Endless Highway (live);Before The Flood;Bob Dylan;1974
Ever Open Door;Brother Where You Bound;Supertramp;1985
Gates Of Eden;Bringing It All Back Home;Bob Dylan;1965
Give A Little Bit;Breakfast In America;Supertramp;1979
In Search Of Little Sadie;Self Portrait;Bob Dylan;1970
John Wesley Harding;John Wesley Harding;Bob Dylan;1967
Just Like A Woman;The Best Of Bob Dylan;Bob Dylan;1997
Let's Stick Together;Down In The Groove;Bob Dylan;1988
Lover Boy;Even In The Quietest Moments;Supertramp;1977
Maggie's Farm;Bringing It All Back Home;Bob Dylan;1965
My Back Pages;Another Side Of Bob Dylan;Bob Dylan;1964
Nashville Skyline Rag;Nashville Skyline;Bob Dylan;1969
Ninety Miles An Hour;Down In The Groove;Bob Dylan;1988
Open The Door, Homer;The Basement Tapes;Bob Dylan;197
Rank Strangers To Me;Down In The Groove;Bob Dylan;1988
School (live);It Was The Best Of Times;Supertramp;1999
Shelter From The Storm (live);Hard Rain;Bob Dylan;1976
Step It Up And Go;Good As I Been To You;Bob Dylan;1992
This Wheel's On Fire;The Basement Tapes;Bob Dylan;1975
Yazoo Street Scandal;The Basement Tapes;Bob Dylan;1975
Ain't Nobody But Me;Crisis? What Crisis;Supertramp;1975
Another Man's Woman;Crisis? What Crisis;Supertramp;1975
Downstream;Even In The Quietest Moments;Supertramp;1977
Frankie And Albert;Good As I Been To You;Bob Dylan;1992
From Now On;The Very Best Of Supertramp;Supertramp;1990
Hide In Your Shell;Crime Of The Century;Supertramp;1974
Hide In Your Shell;Breakfast In America;Supertramp;1979
Hurricane;The Best Of Bob Dylan Volume 2;Bob Dylan;2000
I Am A Lonesome Hobo;John Wesley Harding;Bob Dylan;1967
It Ain't Me Babe (live);Before The Flood;Bob Dylan;1974
It's Raining Again;Breakfast In America;Supertramp;1979
Lady;The Very Best Of Supertramp Vol. 2;Supertramp;1992
Mr. Tambourine Man;The Best Of Bob Dylan;Bob Dylan;1997
Nothing Was Delivered;The Basement Tapes;Bob Dylan;1975
Simple Twist Of Fate;Blood On The Tracks;Bob Dylan;1975
Standing In The Doorway;Time Out Of Mind;Bob Dylan;1997
Tangled Up In Blue;The Best Of Bob Dylan;Bob Dylan;1997
Temporary Like Achilles;Blonde On Blonde;Bob Dylan;1966
The Shape I'm In (live);Before The Flood;Bob Dylan;1974
The Wicked Messenger;John Wesley Harding;Bob Dylan;1967
Tryin' To Get To Heaven;Time Out Of Mind;Bob Dylan;1997
When You Gonna Wake Up;Slow Train Coming;Bob Dylan;1979
You Win I Lose;Some Things Never Change;Supertramp;1997
Your Poppa Don't Mind;Indelibly Stamped;Supertramp;1971
Ballad Of A Thin Man;Highway 61 Revisited;Bob Dylan;1965
Blowin' In The Wind;The Best Of Bob Dylan;Bob Dylan;1997
Coming Home To See You;Indelibly Stamped;Supertramp;1971
From Now On;Even In The Quietest Moments;Supertramp;1977
Highway 61 Revisited;Highway 61 Revisited;Bob Dylan;1965
I Shall Be Released;The Best Of Bob Dylan;Bob Dylan;1997
I Want You;The Best Of Bob Dylan Volume 2;Bob Dylan;2000
It's Alright Ma;Bringing It All Back Home;Bob Dylan;1965
Just Like A Woman (live);Before The Flood;Bob Dylan;1974
Like A Rolling Stone;Highway 61 Revisited;Bob Dylan;1965
Like A Rolling Stone (live);MTV Unplugged;Bob Dylan;1994
Like A Rolling Stone (live);Self Portrait;Bob Dylan;1970
Long Distance Operator;The Basement Tapes;Bob Dylan;1975
Obviously Five Believers;Blonde On Blonde;Bob Dylan;1966
River Theme;Pat Garrett And Billy The Kid;Bob Dylan;1973
See That My Grave Is Kept Clean;Bob Dylan;Bob Dylan;1962
Something There Is About You;Planet Waves;Bob Dylan;1974
Sooner Or Later;Some Things Never Change;Supertramp;1997
With God On Our Side (live);MTV Unplugged;Bob Dylan;1994
You're A Big Girl Now;Blood On The Tracks;Bob Dylan;1975
Babaji;The Very Best Of Supertramp Vol. 2;Supertramp;1992
Black Crow Blues;Another Side Of Bob Dylan;Bob Dylan;1964
Breakfast In America;Breakfast In America;Supertramp;1979
Casual Conversations;Breakfast In America;Supertramp;1979
Crime Of The Century;Crime Of The Century;Supertramp;1974
Everything Is Broken;The Best Of Bob Dylan;Bob Dylan;1997
Give Me A Chance;Some Things Never Change;Supertramp;1997
Gotta Serve Somebody;The Best Of Bob Dylan;Bob Dylan;1997
It Ain't Me Babe;Another Side Of Bob Dylan;Bob Dylan;1964
Leopard-Skin Pill-Box Hat;Blonde On Blonde;Bob Dylan;1966
Like A Rolling Stone;The Best Of Bob Dylan;Bob Dylan;1997
Live To Love You;Some Things Never Change;Supertramp;1997
Meet Me In The Morning;Blood On The Tracks;Bob Dylan;1975
Shelter From The Storm;Blood On The Tracks;Bob Dylan;1975
Something's Burning, Baby;Empire Burlesque;Bob Dylan;198
Turkey Chase;Pat Garrett And Billy The Kid;Bob Dylan;1973
Tweedle Dee And Tweedle Dum;Love And Theft;Bob Dylan;2001
You Ain't Goin' Nowhere;The Basement Tapes;Bob Dylan;1975
You're Gonna Quit Me;Good As I Been To You;Bob Dylan;1992
Ballad In Plain D;Another Side Of Bob Dylan;Bob Dylan;1964
Cannonball (live);It Was The Best Of Times;Supertramp;1999
Cantina Theme;Pat Garrett And Billy The Kid;Bob Dylan;1973
Chimes Of Freedom;Another Side Of Bob Dylan;Bob Dylan;1964
I Shall Be Released (live);Before The Flood;Bob Dylan;1974
It's A Hard World;Some Things Never Change;Supertramp;1997
Not Dark Yet;The Best Of Bob Dylan Volume 2;Bob Dylan;2000
On The Road Again;Bringing It All Back Home;Bob Dylan;1965
She Belongs To Me;Bringing It All Back Home;Bob Dylan;1965
Up On Cripple Creek (live);Before The Flood;Bob Dylan;1974
All Along The Watchtower;John Wesley Harding;Bob Dylan;1967
Ballad Of A Thin Man (live);Before The Flood;Bob Dylan;1974
From Now On (live);It Was The Best Of Times;Supertramp;1999
Highway 61 Revisited (live);Before The Flood;Bob Dylan;1974
Like A Rolling Stone (live);Before The Flood;Bob Dylan;1974
Mr. Tambourine Man;Bringing It All Back Home;Bob Dylan;1965
Seeing The Real You At Last;Empire Burlesque;Bob Dylan;1985
Shelter From The Storm;The Best Of Bob Dylan;Bob Dylan;1997
Take The Long Way Home;Breakfast In America;Supertramp;1979
Tell Me That It Isn't True;Nashville Skyline;Bob Dylan;1969
Til I Fell In Love With You;Time Out Of Mind;Bob Dylan;1997
Ugliest Girl In The World;Down In The Groove;Bob Dylan;1988
When Did You Leave Heaven;Down In The Groove;Bob Dylan;1988
All Along The Watchtower (live);MTV Unplugged;Bob Dylan;1994
As I Went Out One Morning;John Wesley Harding;Bob Dylan;1967
Bunkhouse Theme;Pat Garrett And Billy The Kid;Bob Dylan;1973
Fool's Overture;Even In The Quietest Moments;Supertramp;1977
Froggie Went A Courtin';Good As I Been To You;Bob Dylan;1992
Girl From The North Country;Nashville Skyline;Bob Dylan;1969
Goodbye Stranger;The Very Best Of Supertramp;Supertramp;1990
Had A Dream About You Baby;Down In The Groove;Bob Dylan;1988
I Don't Believe You;Another Side Of Bob Dylan;Bob Dylan;1964
I Pity The Poor Immigrant;John Wesley Harding;Bob Dylan;1967
If You See Her, Say Hello;Blood On The Tracks;Bob Dylan;197
I'll Be Your Baby Tonight;John Wesley Harding;Bob Dylan;1967
Listen To Me Please;Some Things Never Change;Supertramp;1997
Love Minus Zero/No Limit (live);MTV Unplugged;Bob Dylan;1994
Queen Jane Approximately;Highway 61 Revisited;Bob Dylan;1965
Rainy Day Women Nos. 12 + 35;Blonde On Blonde;Bob Dylan;1966
The Logical Song;The Very Best Of Supertramp;Supertramp;1990
Tight Connection To My Heart;Empire Burlesque;Bob Dylan;1985
All Along The Watchtower;The Best Of Bob Dylan;Bob Dylan;1997
And The Light (live);It Was The Best Of Times;Supertramp;1999
Bloody Well Right;The Very Best Of Supertramp;Supertramp;1990
Downstream;The Very Best Of Supertramp Vol. 2;Supertramp;1992
Driftin' Too Far From Shore;Knocked Out Loaded;Bob Dylan;1986
Give A Little Bit;The Very Best Of Supertramp;Supertramp;1990
Knockin' On Heaven's Door (live);MTV Unplugged;Bob Dylan;1994
License To Kill;The Best Of Bob Dylan Volume 2;Bob Dylan;2000
Motorpsycho Nitemare;Another Side Of Bob Dylan;Bob Dylan;1964
Never Gonna Be The Same Again;Empire Burlesque;Bob Dylan;1985
Oh Darling;The Very Best Of Supertramp Vol. 2;Supertramp;1992
Put On Your Old Brown Shoes;Famous Last Words;Supertramp;1982
Sad Eyed Lady Of The Lowlands;Blonde On Blonde;Bob Dylan;1966
Where There's A Will;Some Things Never Change;Supertramp;1997
Free As A Bird (live);It Was The Best Of Times;Supertramp;1999
Get Your Act Together;Some Things Never Change;Supertramp;1997
Give A Little Bit;Even In The Quietest Moments;Supertramp;1977
Hide In Your Shell;The Very Best Of Supertramp;Supertramp;1990
Highlands (live);The Best Of Bob Dylan Volume 2;Bob Dylan;2000
If Everyone Was Listening;Crime Of The Century;Supertramp;1974
It Ain't Me Babe;The Best Of Bob Dylan Volume 2;Bob Dylan;2000
It's Raining Again;The Very Best Of Supertramp;Supertramp;1990
Knockin' On Heaven's Door;The Best Of Bob Dylan;Bob Dylan;1997
Lady;Retrospectacle - The Supertramp Anthology;Supertramp;2005
Man Gave Names To All Animals;Slow Train Coming;Bob Dylan;1979
Quinn The Eskimo;The Best Of Bob Dylan Volume 2;Bob Dylan;2000
Rosie Had Everything Planned;Indelibly Stamped;Supertramp;1971
Rudy;Retrospectacle - The Supertramp Anthology;Supertramp;2005
You Never Can Tell With Friends;Free As A Bird;Supertramp;1987
You Win I Lose (live);It Was The Best Of Times;Supertramp;1999
Ain't Nobody But Me;The Very Best Of Supertramp;Supertramp;1990
All Along The Watchtower (live);Before The Flood;Bob Dylan;1974
Brother Where You Bound;Brother Where You Bound;Supertramp;1985
Help Me Down That Road;Some Things Never Change;Supertramp;1997
Just Another Nervous Wreck;Breakfast In America;Supertramp;1979
Just Like Tom Thumb's Blues;Highway 61 Revisited;Bob Dylan;1965
Rainy Day Women #12 & 35 (live);Before The Flood;Bob Dylan;1974
Sooner Or Later (live);It Was The Best Of Times;Supertramp;1999
All I Really Want To Do;Another Side Of Bob Dylan;Bob Dylan;1964
Bob Dylan's 115th Dream;Bringing It All Back Home;Bob Dylan;1965
Breakfast In America;The Very Best Of Supertramp;Supertramp;1990
Crime Of The Century;The Very Best Of Supertramp;Supertramp;1990
Gonna Change My Way Of Thinking;Slow Train Coming;Bob Dylan;1979
Goodbye Stranger (live);It Was The Best Of Times;Supertramp;1999
I Dreamed I Saw St. Augustine;John Wesley Harding;Bob Dylan;1967
I Forgot More Than You'll Ever Know;Self Portrait;Bob Dylan;1970
Knockin' On Heaven's Door (live);Before The Flood;Bob Dylan;1974
Rainy Day Women Nos. 12 + 35 (live);MTV Unplugged;Bob Dylan;1994
School;Retrospectacle - The Supertramp Anthology;Supertramp;2005
Sittin' On Top Of The World;Good As I Been To You;Bob Dylan;1992
Spanish Harlem Incident;Another Side Of Bob Dylan;Bob Dylan;1964
Surely;Retrospectacle - The Supertramp Anthology;Supertramp;2005
The Logical Song (live);It Was The Best Of Times;Supertramp;1999
Bloody Well Right (live);It Was The Best Of Times;Supertramp;1999
Dreamer;Retrospectacle - The Supertramp Anthology;Supertramp;2005
Free As A Bird;The Very Best Of Supertramp Vol. 2;Supertramp;1992
Gone Hollywood;The Very Best Of Supertramp Vol. 2;Supertramp;1992
I Shall Be Free - No. 10;Another Side Of Bob Dylan;Bob Dylan;1964
Land Ho;Retrospectacle - The Supertramp Anthology;Supertramp;2005
Love Minus Zero/No Limit;Bringing It All Back Home;Bob Dylan;1965
Some Things Never Change;Some Things Never Change;Supertramp;1997
The Times They Are A-Changin' (live);MTV Unplugged;Bob Dylan;1994
Things Have Changed;The Best Of Bob Dylan Volume 2;Bob Dylan;2000
A Soapbox Opera;The Very Best Of Supertramp Vol. 2;Supertramp;1992
Fool's Overture;The Very Best Of Supertramp Vol. 2;Supertramp;1992
Highway 61 Revisited;The Best Of Bob Dylan Volume 2;Bob Dylan;2000
My Kind Of Lady;The Very Best Of Supertramp Vol. 2;Supertramp;1992
Over You;Retrospectacle - The Supertramp Anthology;Supertramp;2005
Simple Twist Of Fate;The Best Of Bob Dylan Volume 2;Bob Dylan;2000
Take The Long Way Home;The Very Best Of Supertramp;Supertramp;1990
The Groom's Still Waiting At The Altar;Shot Of Love;Bob Dylan;1981
The Times They Are A-Changin';The Best Of Bob Dylan;Bob Dylan;1997
Waiting So Long;The Very Best Of Supertramp Vol. 2;Supertramp;1992
Yea! Heavy And A Bottle Of Bread;The Basement Tapes;Bob Dylan;1975
Listen To Me Please (live);It Was The Best Of Times;Supertramp;1999
Two Of Us;Retrospectacle - The Supertramp Anthology;Supertramp;2005
Breakfast In America (live);It Was The Best Of Times;Supertramp;1999
Cannonball;Retrospectacle - The Supertramp Anthology;Supertramp;2005
Changing Of The Guards;The Best Of Bob Dylan Volume 2;Bob Dylan;2000
Downstream;Retrospectacle - The Supertramp Anthology;Supertramp;2005
It's All Over Now Baby Blue;Bringing It All Back Home;Bob Dylan;1965
Oh Darling;Retrospectacle - The Supertramp Anthology;Supertramp;2005
Subterranean Homesick Blues;Bringing It All Back Home;Bob Dylan;1965
Don't Leave Me Now;The Very Best Of Supertramp Vol. 2;Supertramp;1992
From Now On;Retrospectacle - The Supertramp Anthology;Supertramp;2005
Don't Think Twice, It's All Right;The Best Of Bob Dylan;Bob Dylan;199
Knockin' On Heaven's Door;Pat Garrett And Billy The Kid;Bob Dylan;1973
Main Tittle Theme (Billy);Pat Garrett And Billy The Kid;Bob Dylan;1973
Positively Fourth Street;The Best Of Bob Dylan Volume 2;Bob Dylan;2000
Take The Long Way Home (live);It Was The Best Of Times;Supertramp;1999
Tonight I'll Be Staying Here With You;Nashville Skyline;Bob Dylan;1969
Don't Think Twice,It's All Right (live);Before The Flood;Bob Dylan;197
I'll Be Your Baby Tonight;The Best Of Bob Dylan Volume 2;Bob Dylan;2000
A Hard Rain's A-Gonna Fall;The Best Of Bob Dylan Volume 2;Bob Dylan;2000
Blowin' In The Wind (live);The Best Of Bob Dylan Volume 2;Bob Dylan;2000
Crash On The Levee (Down In The Flood);The Basement Tapes;Bob Dylan;1975
Free As A Bird;Retrospectacle - The Supertramp Anthology;Supertramp;2005
Gone Hollywood;Retrospectacle - The Supertramp Anthology;Supertramp;2005
Lily, Rosemary And The Jack Of Hearts;Blood On The Tracks;Bob Dylan;197
Summer Romance;Retrospectacle - The Supertramp Anthology;Supertramp;2005
Even In The Quietest Moments;Even In The Quietest Moments;Supertramp;1977
My Kind Of Lady;Retrospectacle - The Supertramp Anthology;Supertramp;2005
Subterranean Homesick Blues;The Best Of Bob Dylan Volume 2;Bob Dylan;2000
When The Night Comes Falling From The Sky;Empire Burlesque;Bob Dylan;1985
You Win, I Lose;Retrospectacle - The Supertramp Anthology;Supertramp;200
Goodbye Stranger;Retrospectacle - The Supertramp Anthology;Supertramp;2005
It's Alright,Ma (I'm Only Bleeding) (live);Before The Flood;Bob Dylan;197
Orange Juice Blues (Blues For Breakfast);The Basement Tapes;Bob Dylan;1975
Sister Moonshine;Retrospectacle - The Supertramp Anthology;Supertramp;2005
The Logical Song;Retrospectacle - The Supertramp Anthology;Supertramp;2005
The Night They Drove Old Dixie Down (live);Before The Flood;Bob Dylan;1974
Aubade And I Am Not Like The Other Birds Of Prey;Supertramp;Supertramp;1970
Bloody Well Right;Retrospectacle - The Supertramp Anthology;Supertramp;2005
Give A Little Bit;Retrospectacle - The Supertramp Anthology;Supertramp;2005
Don't Leave Me Now;Retrospectacle - The Supertramp Anthology;Supertramp;2005
If Everyone Was Listening;The Very Best Of Supertramp Vol. 2;Supertramp;1992
It's Raining Again;Retrospectacle - The Supertramp Anthology;Supertramp;2005
Most Likely You Go Your Way And I'll Go Mine;Blonde On Blonde;Bob Dylan;1966
You're Gonna Make Me Lonesome When You Go;Blood On The Tracks;Bob Dylan;1975
Ain't Nobody But Me;Retrospectacle - The Supertramp Anthology;Supertramp;2005
Another Man's Woman;Retrospectacle - The Supertramp Anthology;Supertramp;2005
Just Another Nervous Wreck;The Very Best Of Supertramp Vol. 2;Supertramp;1992
The Ballad Of Frankie Lee And Judas Priest;John Wesley Harding;Bob Dylan;1967
Breakfast In America;Retrospectacle - The Supertramp Anthology;Supertramp;2005
Crime Of The Century;Retrospectacle - The Supertramp Anthology;Supertramp;2005
You Started Laughing;Retrospectacle - The Supertramp Anthology;Supertramp;2005
Even In The Quietest Moments;The Very Best Of Supertramp Vol. 2;Supertramp;1992
Rainy Day Women Numbers 12 And 35;The Best Of Bob Dylan Volume 2;Bob Dylan;2000
Your Poppa Don't Mind;Retrospectacle - The Supertramp Anthology;Supertramp;2005
Take The Long Way Home;Retrospectacle - The Supertramp Anthology;Supertramp;2005
It Takes A Lot To Laugh It Takes A Train To Cry;Highway 61 Revisited;Bob Dylan;1965
Most Likely You Go Your Way And I'll Go Mine (live);Before The Flood;Bob Dylan;1974
Stuck Inside Of Mobile With The Memphis Blues Again;Blonde On Blonde;Bob Dylan;1966
Stuck Inside Of Mobile With The Memphis Blues Again (live);Hard Rain;Bob Dylan;1976
Even In The Quietest Moments;Retrospectacle - The Supertramp Anthology;Supertramp;2005
